{"pitch": [-2.9168846141298452, 11.390051585794762, 207.63520793402483, 46.78015974922672], "energy": [-1.4310195446014404, 8.184636116027832, 37.32450959679627, 26.043442222376353]}